montse_swinger	en	-1.58333	52.5
WeatherWoking	en	-0.55777778	51.33222222
karademirronur	tr	32.77823229	39.90982852
OktyYunus	en	29.93316279	40.76318458
nannyflostattoo	en	-3.01550212	53.36432195
der_andre	de	7.45926075	51.51781234
RBIRachelBates	en	0.733333	52.0333
Reham_NS	ar	-3.699967	40.427275
weronika1013	und	16.9167	52.4
ilknurleena	tr	32.8644	39.9272
pontyslapper	en	3.31972222	51.62111111
trendinaliaCH	fr	8.4445	46.813
